id,link,thumbnail,creator,views,likes,comments,analysis,newConcepts,datePosted,dateAdded,configName,starred
02ba7c8e-28bb-4dae-b8e9-ea618f4fcb80,https://www.instagram.com/p/DWgrbauAEHw/,https://scontent-iad3-2.cdninstagram.com/v/t51.82787-15/656128274_17964115353059761_7102465814628830984_n.jpg?stp=dst-jpg_e35_p828x828_sh0.08_tt6&_nc_cat=111&ig_cache_key=Mzg2NDI3OTQ4MDM5ODc5MTE1MjE3OTY0MTE1MzQ3MDU5NzYx.3-ccb7-5&ccb=7-5&_nc_sid=58cdad&efg=eyJ2ZW5jb2RlX3RhZyI6InhwaWRzLjEwODB4MTkyMC5zZHIuQzMifQ%3D%3D&_nc_ohc=cwQHqud0VEMQ7kNvwGut-vV&_nc_oc=Adp0Ii54HIGIWKuji-QS83-7ElFB7npETrfP_3sQip-ISbd6j8EouhjPqNrVWZPcL0c&_nc_ad=z-m&_nc_cid=4&_nc_zt=23&_nc_ht=scontent-iad3-2.cdninstagram.com&_nc_gid=3Fotz8-Sz2RG5fofTwpGAw&_nc_ss=7a3ba&oh=00_Af0ykIhvE3OMpewfrTjq1UJ631MnJGs4d_yd3Uy_Ov-M6g&oe=69D2DED9,gullylabs.tv,99911,6757,177,"# CONCEPT
This video showcases the journey of Gully Labs, an Indian footwear brand, from meticulous craftsmanship to national and international recognition. It highlights the power of ""Hunar"" (skill/craft) and collective effort in realizing the ""Indian Dream"" of building a successful homegrown brand that resonates globally.

# HOOK
*   **VISUAL:** The first 1-2 seconds show a close-up of a craftsman's hands meticulously working on a shoe, followed by quick cuts of multiple individuals engaged in various stages of shoe creation. The focus is on the intricate, hands-on process.
*   **TEXT:** The word ""HUNAR"" appears prominently in red, implying skill or craftsmanship.
*   **AUDIO:** The video opens with rhythmic, percussive sounds that evoke the process of making, creating a sense of industriousness and focused effort.
*   The hook immediately establishes a theme of skilled creation, igniting curiosity about the craft and the individuals behind it.

# RETENTION MECHANISMS
The video uses rapid cuts (micro-escalations) and a dynamic, uplifting musical score to maintain a high pace and engagement. It continuously shifts between different aspects of the brand's journey: from hands-on production and design meetings to team strategy sessions, marketing efforts (social media, mood boards), and eventual public recognition (newspaper headlines, Shark Tank appearance). The blend of live-action footage and vibrant animation serves as a pattern interrupt, keeping the visuals fresh and exciting. The narrative unfolds chronologically, creating clear forward momentum as the viewer witnesses the progression from humble beginnings to widespread success.

# REWARD
The ultimate reward for the viewer is inspiration. The video powerfully demonstrates that passion, skill, and collaborative hard work can transform a local craft into a globally recognized brand, fulfilling an ""Indian Dream."" It offers a sense of pride in homegrown talent and entrepreneurial spirit.

# SCRIPT
1.  **Immediate Hook:** The video opens with a close-up of a craftsman meticulously working on a shoe, followed by quick cuts showing several people working on various stages of shoe production. The word ""HUNAR"" (Skill/Craft) appears on screen.
2.  **Problem Framing / Tension Escalation:** The scene transitions to a team gathered in a dark room, then illuminated, symbolizing their collective vision emerging. The team is shown actively designing, discussing concepts, and overseeing production.
3.  **Why This Matters (Stakes):** We see fast-paced shots of everyday tasks: a person on a laptop, someone pinning designs to a mood board, measuring fabric for clothing, a shoe being assembled, and people in a modern office environment. This conveys the diverse, intense effort required to build the brand.
4.  **Main Insight or Shift in Perspective:** The team gathers for a ""Next Steps"" meeting, celebrating with high fives as the ""Gully Labs"" logo lights up. A phone screen shows a social media post about ""strategy meets storytelling"" and the ""hustle."" This leads into an animated sequence depicting their store, followed by newspaper headlines announcing ""Shark Tank Ke Manch Par Desi Fashion Ki Dhanak"" (Indian Fashion Shines on Shark Tank Stage), ""GULLY LABS GOES INTERNATIONAL,"" and ""KARIGAR, HUNAR, AUR 20M VIEWS."" This visually confirms their widespread success and recognition.
5.  **Clean Close:** The team morphs from a live-action shot to a vibrant animated group. The founders are shown triumphantly on the ""Shark Tank"" stage, and cartoon money rains down. The video concludes with the text ""EK SAPNA HUNAR SABKA"" (One Dream, Everyone's Skill/Craft) overlaid on the animated team, encapsulating their collective achievement.","Of course. Here are 3 new video concepts for Gully Labs, adapted from the reference video, with a sharp focus on scroll-stopping hooks for a young, urban Indian audience.

***

# CONCEPT 1
**Title: The Karigar's Signature**
This concept humanizes the ""Made in India"" story by focusing on the individual skill of a single artisan. It shifts the narrative from a large, faceless team to the personal pride and detailed craftsmanship that goes into one pair of shoes, making quality feel personal and tangible.

## HOOK
The video opens with an extreme close-up, macro shot of an artisan's weathered hand using a small tool to press a subtle, unique mark or signature into the leather insole of a shoe. A calm, confident voiceover says, ""Most brands give you a logo."" The sound is just the quiet, satisfying press of the tool into the leather.

*   **What is seen in the first 2 seconds:** A close-up of a personal, handcrafted mark being made inside a shoe.
*   **What is said in the first line:** ""Most brands give you a logo.""
*   **Why this hook works for Indian D2C consumers:** It creates immediate intrigue and positions Gully Labs against mass-produced goods. The visual is tactile and authentic, while the opening line creates a ""us vs. them"" narrative that promises something more meaningful than just a brand name, appealing to consumers who value story and substance.

## SCRIPT
The hook shot of the artisan's mark is held for 2 seconds. The voiceover continues, ""...we give you a promise."" The video then cuts to a dynamic montage of that same artisan's hands at work: skillfully stitching leather, carefully shaping the shoe's upper, and meticulously checking the seams. The cuts are rhythmic, set to a modern lo-fi beat with subtle workshop sounds.

The scene transitions to show the fully assembled, beautiful shoe presented in the artisan's hands. He nods with satisfaction.

We then see a young, stylish customer in a Mumbai cafe unboxing the shoes. They notice the small, signature mark inside, smile, and slide them on. The final sequence shows them walking confidently through a bustling, cool Indian street (like a lane in Hauz Khas Village or a colourful street in Goa), the shoes looking effortlessly stylish. The camera focuses on the shoes in motion, handling the urban terrain with ease.

**Final Text on Screen:** ""Gully Labs. The promise of Indian craftsmanship.""

---

# CONCEPT 2
**Title: The 12-Hour Test**
This concept directly addresses the core needs of a young urban professional: a shoe that is stylish enough for the office and comfortable enough for the after-work hustle. It showcases the product's versatility and durability in a relatable, day-in-the-life format.

## HOOK
The video starts with a split-screen. On the left, a Gully Labs shoe is being laced up in a clean, minimalist apartment at 9 AM. On the right, the same shoe is stepping into a puddle on a neon-lit street, with the text ""9 PM"" overlaid. The audio is a sharp ""click"" of the laces tightening, followed by the ambient sounds of a bustling city at night.

*   **What is seen in the first 2 seconds:** A dynamic split-screen showing the same shoe at the start and end of a long day.
*   **What is said in the first line:** (No voiceover, just text) ""9 AM"" and ""9 PM"".
*   **Why this hook works for Indian D2C consumers:** It’s a visual ""before and after"" that instantly communicates durability and all-day comfort. It poses a question—""How did it hold up?""—and tells a story of a shoe that keeps up with the demanding, non-stop lifestyle of young Indians, from morning metro rides to late-night plans.

## SCRIPT
After the hook, the split-screen collapses into a single, fast-paced montage. We follow a person's day from the feet-up perspective.
*   **9 AM:** Walking into a sleek, modern co-working space.
*   **1 PM:** Quick steps to catch a metro during a lunch break.
*   **4 PM:** Feet tapping under a desk during a meeting.
*   **7 PM:** Stepping out of the office and into a crowded market to meet friends.
*   **9 PM:** The shot from the hook—confidently stepping through a puddle towards a street food vendor.
*   **11 PM:** On the dance floor at a local gig.

Throughout the montage, a subtle on-screen clock marks the time. The music is an energetic, upbeat indie track. There's no voiceover, just the story told through visuals. The final shot is the person back home, kicking off the shoes. They still look great, not worn out. The person wiggles their toes, showing they're not in pain.

**Final Text on Screen:** ""From your first meeting to your last call. Gully Labs.""

---

# CONCEPT 3
**Title: The Sound of Quality**
This concept breaks down the shoe's quality into a sensory, ASMR-style experience. Instead of telling the audience the shoes are well-made, it lets them see and hear it, creating a perception of premium quality through satisfying, macro visuals and crisp sound design.

## HOOK
The video opens with an extreme close-up, slow-motion shot of a thick, sturdy lace being pulled through a metal eyelet. The only sound is the rich, textured, ""zzzzip"" of the lace sliding against the metal, amplified to be super crisp and satisfying. The on-screen text simply reads: ""Listen.""

*   **What is seen in the first 2 seconds:** A macro, slow-motion shot of a shoe lace being pulled through an eyelet.
*   **What is said in the first line:** (No voiceover, just text) ""Listen.""
*   **Why this hook works for Indian D2C consumers:** It’s a powerful pattern interrupt. In a sea of loud, fast videos, this hook is quiet, focused, and sensory. The ASMR quality is inherently satisfying and makes the viewer lean in, while the command ""Listen"" creates immediate curiosity and primes them to pay attention to the details that follow.

## SCRIPT
Following the hook, the video continues with a series of short, satisfying, macro-cinematic shots, each with its own distinct, high-fidelity sound:
1.  A shot of supple leather bending in slow-motion, with the sound of a soft, deep creak.
2.  A thumb pressing into the cushioned insole, which then slowly rises back up with a faint, airy ""whoosh.""
3.  The durable, grippy rubber sole being tapped on a concrete surface, creating a solid, reassuring ""thud.""
4.  A close-up of the perfect, even stitching as a needle and thread pass through the material with a clean ""punch.""

A calm, minimal beat plays underneath the sounds. The final scene cuts to a full shot of the shoe, looking impeccable. A person slips it on and takes a confident step. The sound is a firm, solid footstep.

**Final Text on Screen:** ""Quality isn't loud. It's clear. Gully Labs.""",2026-03-30,2026-04-01,D2C Shoes India,
776271c9-6c12-457b-acfb-fd78bbdf20bc,https://www.instagram.com/p/DWRF4Mqgfkq/,https://scontent-iad3-2.cdninstagram.com/v/t51.71878-15/656075823_830416856757993_94220692578872701_n.jpg?stp=dst-jpg_e15_tt6&_nc_cat=111&ig_cache_key=Mzg1OTg5MjIwNzc1NDU0MTM1NA%3D%3D.3-ccb7-5&ccb=7-5&_nc_sid=58cdad&efg=eyJ2ZW5jb2RlX3RhZyI6InhwaWRzLjY0MHgxMTM2LnNkci5DMyJ9&_nc_ohc=ZtyBLmIJhGgQ7kNvwElGyDj&_nc_oc=AdrPx5YrZEJn-620SN6gvFNJwPfVF17FsjwmHDvnDZBR34GMd5w18bsJ-uHtPRjGC_Y&_nc_ad=z-m&_nc_cid=4&_nc_zt=23&_nc_ht=scontent-iad3-2.cdninstagram.com&_nc_gid=3Fotz8-Sz2RG5fofTwpGAw&_nc_ss=7a3ba&oh=00_Af2UPbF_ECWtBulvdKt_7d6-bmNiavCYz3KEhIPidflQJw&oe=69D2D8C2,anikjaindesign,408311,3188,40,"# CONCEPT
This video proposes how an authentic Indian sneaker brand should be designed, focusing on deep cultural roots and meticulous attention to detail, only to reveal that such a brand already exists. The core tension is that Indian culture is often either overlooked by local brands in favor of Western imitation or misrepresented by international brands, leading to a need for genuine cultural celebration in consumer products.

# HOOK
The first five seconds immediately grab attention with a direct, confident statement challenging the status quo.
- **VISUAL:** The creator directly addresses the camera, making eye contact, with a slight head tilt and an inviting gesture. He holds a blue shoebox, hinting at the subject.
- **TEXT:** ""INDIAN"" in large yellow text on screen.
- **AUDIO:** ""If I were to design an Indian sneaker brand, this is exactly how I would do it."" This creates strong curiosity and relevance for anyone interested in Indian culture or brand design.

# RETENTION MECHANISMS
The creator maintains viewer engagement through a rapid sequence of contrasting ideas and visuals, building an emotional connection to the problem before revealing the solution.
- **Micro-escalations:** Quick cuts between the creator speaking and dynamic black-and-white B-roll footage showcasing various aspects of Indian culture (food, sports, community) every 1-3 seconds.
- **Problem Framing:** He highlights how India has rich culture but local brands stopped celebrating it and our culture sought external validation. This builds an emotional ""why"" for the solution.
- **Delayed Payoff:** The full reveal of the actual brand and the detailed shoe design is held until the latter half of the video, creating anticipation.
- **Pattern Interrupts:** The shift from the creator speaking to the B-roll and then back, combined with the unboxing sequence, provides visual variety and keeps the momentum.
- **Clear Forward Momentum:** The narrative progresses from identifying a problem (lack of authentic Indian brands) to presenting an ideal solution, then surprisingly revealing it already exists, maintaining a clear path to the reward.

# REWARD
The ultimate reward is a feeling of validation and inspiration, showing how Indian culture can be authentically and beautifully represented in a modern product. Viewers understand that true cultural representation involves deep thought and detail, not superficial stereotypes. This is an **Inspiration** and **Education** reward, empowering a sense of cultural pride and demonstrating high-quality, culturally-rooted design.

# SCRIPT
1.  **[0:00]** ""If I were to design an Indian sneaker brand..."" (Creator holds a blue shoebox)
2.  **[0:03]** ""...this is exactly how I would do it.""
3.  **[0:05]** ""I would focus on how culture gives life its true meaning.""
4.  **[0:08]** (B-roll of various Indian foods, black and white) ""Food...""
5.  **[0:09]** (B-roll of men playing Kabaddi) ""...music, sports...""
6.  **[0:10]** (B-roll of a group of Indian people) ""...community, people.""
7.  **[0:11]** ""India has all of it in abundance. But somewhere along the way, we stopped celebrating our own stories.""
8.  **[0:16]** ""Our own local brands became cheap imitations of the West.""
9.  **[0:19]** ""Our pop culture started needing validation from outside.""
10. **[0:21]** ""And even when international brands tried to represent us, all they think about is naan bread and curry.""
11. **[0:26]** ""So I would create a brand that is deeply rooted in India, and feels like it has come out of India.""
12. **[0:32]** (Close-up of blue shoebox with ""गल्ली LABS"" in Devnagari script) ""From the customized Devnagari script in the logo...""
13. **[0:34]** (Hands revealing inner packaging with graphic) ""...to the materials you touch and feel when you unbox the shoe.""
14. **[0:37]** (Hands unboxing a black and white sneaker) ""And to the shoe itself – the stitching, the finishing, the details.""
15. **[0:41]** (Hands showing shoe details) ""They tell you someone actually cared about what they were making.""
16. **[0:43]** (Hands showing bottom sole with pattern) ""This is true India represented in a shoe.""
17. **[0:46]** (Creator holding up the sneaker) ""And of course, I don't need to design it because this brand already exists.""
18. **[0:49]** ""Gully Labs have just nailed it.""
19. **[0:50]** ""And I'm making this video because I love brands that are absolutely obsessed over details and make their customers feel something.""","Of course. As an expert in viral Reels, I'll adapt the core ""problem-solution-reveal"" framework of the reference video for Gully Labs, focusing on sharp, scroll-stopping hooks tailored to a young, urban Indian audience.

Here are 3 new concepts.

***

# CONCEPT 1
**The ""International Quality, Indian Price"" Dilemma**

This concept tackles the common frustration of young Indians who desire world-class quality but feel forced to overpay for international brand logos and marketing hype. It positions Gully Labs as the smart, high-quality alternative that respects the consumer's wallet and intelligence.

## HOOK
This hook immediately connects with the financial pain point and skepticism of savvy consumers.

-   **What is seen in the first 2 seconds:** A quick, jarring sequence: a hand points to a sneaker with a famous international logo, then to a price tag showing ""₹12,999"", then the person looks at the camera and shakes their head in frustration.
-   **What is said in the first line:** (Voiceover) ""I'm done paying for a logo.""
-   **Why this hook works for Indian D2C consumers:** It taps into a widespread sentiment that international brand prices are inflated due to marketing and import duties, not just quality. It validates the viewer's feeling of being ""in on the secret"" that there are better value options out there.

## SCRIPT
-   **(0-2s)** HOOK: Quick cuts of a famous brand shoe, a high price tag (₹12,999), and a person shaking their head. VO: ""I'm done paying for a logo.""
-   **(3-7s)** The VO continues over B-roll of social media hype and ads for big brands: ""For the marketing... the hype... the shipping across continents.""
-   **(8-12s)** The tone shifts. The creator is now in a clean, minimalist space. VO: ""What if we just focused on the shoe? The feel of real leather. The perfect stitch. The kind of quality that lasts.""
-   **(13-18s)** A Gully Labs shoebox is opened. We see satisfying close-ups (macro shots) of the shoe's details: the clean stitching lines, the texture of the material, the sturdiness of the sole. The focus is purely on tangible quality.
-   **(19-24s)** PAYOFF: The shoe is now on-feet, styled with a cool, urban outfit. We see the person walking confidently through a metro station, sitting at a local cafe, and meeting friends. The shoe looks premium and versatile.
-   **(25-28s)** Final shot of the person holding the shoe, looking directly at the camera with a confident smile. VO: ""World-class quality. No hype. Made for our streets. This is Gully Labs."" On-screen text: **Quality over Clout.**

***

# CONCEPT 2
**The ""Comfort vs. Style"" False Choice**

This video addresses the daily compromise urban professionals and students make: choosing between shoes that look good but hurt, or shoes that feel good but look clumsy. It presents Gully Labs as the definitive solution that merges all-day comfort with modern, clean aesthetics.

## HOOK
This hook uses a classic pattern interrupt and a relatable ""this or that"" problem to stop the scroll instantly.

-   **What is seen in the first 2 seconds:** A dynamic split screen. On the left, a foot in a sleek but stiff formal shoe. On the right, a foot in a bulky, ""ugly-comfortable"" running shoe.
-   **What is said in the first line:** (Voiceover) ""The daily compromise: Look sharp, or walk home without pain?""
-   **Why this hook works for Indian D2C consumers:** It visualizes a universal problem for anyone who commutes or spends long hours on their feet. The direct question forces the viewer to self-identify with the struggle, making them curious about the solution.

## SCRIPT
-   **(0-2s)** HOOK: Split screen of a formal shoe vs. a bulky comfort shoe. VO: ""The daily compromise: Look sharp, or walk home without pain?""
-   **(3-8s)** Quick cuts illustrating the ""problem."" A shot of someone wincing in their stylish shoes after a long meeting. A shot of someone feeling underdressed in their comfort shoes at a nice restaurant. On-screen text flashes: ""9 AM Client Meeting"" vs. ""9 PM Dinner Plan"".
-   **(9-12s)** The screen transitions to a clean, single shot. VO: ""But our hustle demands both. So we designed a shoe for how we *actually* live.""
-   **(13-19s)** The reveal. A person smoothly slips on a pair of Gully Labs sneakers. We see satisfying shots of the cushioned insole being pressed, the flexible sole bending effortlessly, and the clean, minimalist silhouette of the shoe.
-   **(20-25s)** PAYOFF: A ""day in the life"" montage. The same person wears the Gully Labs shoes from a co-working space, to a quick lunch with friends, to an evening walk. They look stylish and move with ease and comfort in every scene.
-   **(26-28s)** Final shot of the shoes, propped up as the person relaxes. VO: ""Your hustle has evolved. Your shoes just did too."" On-screen text: **Style Meets Comfort. No Compromise.**

***

# CONCEPT 3
**The ""Made in India"" Craftsmanship Story**

This concept directly challenges the outdated prejudice that ""Made in India"" can mean compromised quality. It flips the narrative by showcasing the meticulous, obsessive craftsmanship and skill behind a Gully Labs shoe, positioning ""Made in India"" as a mark of pride and mastery.

## HOOK
This hook is visually arresting and audibly satisfying, immediately establishing a premium, high-craft feel.

-   **What is seen in the first 2 seconds:** An extreme macro close-up of a needle and thread punching through a piece of high-quality leather with a crisp, satisfying sound. The lighting is dramatic and focused.
-   **What is said in the first line:** (Voiceover, calm and confident) ""Some people think this is just a shoe. We think it's a hundred small decisions.""
-   **Why this hook works for Indian D2C consumers:** It’s counter-intuitive. Instead of loud hype, it’s quiet, confident, and intriguing. The macro shot is visually stunning and the audio is pure ASMR, making the viewer pause to see what is being made with such care. It reframes the product from a simple commodity to a piece of art.

## SCRIPT
-   **(0-2s)** HOOK: Macro shot of a needle stitching leather. VO: ""Some people think this is just a shoe. We think it's a hundred small decisions.""
-   **(3-9s)** A montage of the ""decisions."" Quick, beautiful shots of skilled hands: tracing a pattern, cutting the leather, selecting the perfect eyelet, molding the sole. The VO continues: ""...The decision to use the right grain of leather... to get the stitch count just right... to ensure the finish is flawless.""
-   **(10-14s)** The camera stays close, showing an artisan carefully lacing up the finished sneaker. The focus is on the human element—the pride and skill of the maker. VO: ""Because true quality isn't about where it's made. It's about *how* it's made.""
-   **(15-20s)** The camera pulls back to reveal the finished Gully Labs sneaker, held by the artisan. It then cuts to clean, studio-lit ""hero shots"" of the shoe from all angles, highlighting its perfect form.
-   **(21-26s)** PAYOFF: We see the shoe in a real-world, aspirational setting. A young architect on a site, a designer in their studio, an entrepreneur stepping out of a car. It looks sophisticated and durable.
-   **(27-29s)** Final shot of the shoe, with the artisan's hands gently placing it in the box. VO: ""This isn't just Made in India. This is Mastered in India."" On-screen text: **Gully Labs. Obsessed with Detail.**",2026-03-24,2026-04-01,D2C Shoes India,
21dfcc14-1625-4702-bee5-f6e2e3345ae3,https://www.instagram.com/p/DWTyQ3rE3Ho/,https://scontent-iad3-2.cdninstagram.com/v/t51.82787-15/657644039_18368184433163973_7393352437843633029_n.jpg?stp=dst-jpg_e15_tt6&_nc_cat=103&ig_cache_key=Mzg2MDY1MDM2NzIwMjMyNDk2ODE4MzY4MTg0NDI0MTYzOTcz.3-ccb7-5&ccb=7-5&_nc_sid=58cdad&efg=eyJ2ZW5jb2RlX3RhZyI6InhwaWRzLjY0MHgxMTM4LnNkci5DMyJ9&_nc_ohc=P-c98TwOPwEQ7kNvwGsCfYQ&_nc_oc=Adpw6Ho6heVt-8Dl8pfh6ludACWBngUFonha3RaIfTtuMK4ROSHVaYPBfpqHiE4hWFI&_nc_ad=z-m&_nc_cid=4&_nc_zt=23&_nc_ht=scontent-iad3-2.cdninstagram.com&_nc_gid=3Fotz8-Sz2RG5fofTwpGAw&_nc_ss=7a3ba&oh=00_Af2PKo4Z_dBoAC0mECJ6ZzHA_4kxy287t3XAoVFIsxyKYQ&oe=69D2CE45,smartkicksofficial,1635611,25325,143,"# CONCEPT
This video spotlights Gully Labs, an Indian sneaker brand, at ComplexCon Hong Kong to gauge global reactions. It challenges perceptions by showcasing high-quality, handmade sneakers with Indian craftsmanship, aiming to position an Indian brand on the international sneaker stage. The core tension is whether a niche Indian brand can impress a global, fashion-forward audience.

# HOOK
The hook is effective and immediately captivating:
- **VISUAL:** Rapid, dynamic cuts between three different men holding a sneaker, all exhibiting positive facial expressions, are presented in a stylish black and white filter.
- **TEXT:** On-screen speech bubbles quickly flash ""SHOUT OUT GULLY LABS"" and ""GULLY IS INDIAN 🇮🇳"".
- **AUDIO:** The spoken words are enthusiastic and direct: ""Shout out Gully Labs!"" followed by ""Gully is Indian!"" and ""Gully Labs, it's amazing!"" This quick-fire delivery creates instant curiosity about the brand and its origin.

# RETENTION MECHANISMS
The video uses several clever retention strategies:
- **Rapid Pacing:** Cuts are made every 2-3 seconds, constantly introducing new faces, opinions, and visual angles of the sneaker, preventing viewer disengagement.
- **Speech Bubbles:** On-screen text with direct quotes from interviewees provides immediate takeaways and reinforces positive feedback.
- **Variety of Perspectives:** A diverse range of interviewees from different backgrounds and with varying style preferences are shown, appealing to a broad audience and offering multiple reasons to appreciate the shoe.
- **Micro-Escalations:** Each interviewee highlights a different positive aspect—craftsmanship, design, comfort, uniqueness, cultural detail—building a comprehensive picture of the shoe's appeal.
- **Delayed Information:** While hinting at its Indian origin early on, the full context and meaning of ""Gully"" are revealed later, fostering curiosity.

# REWARD
The viewer is rewarded with the discovery of an innovative Indian sneaker brand, Gully Labs, that is successfully breaking into the global market. They gain a deeper appreciation for handmade craftsmanship and the unique cultural elements incorporated into the design. The reward is both educational, introducing a new brand and its origins, and inspirational, showcasing Indian artistry gaining international acclaim.

# SCRIPT

1.  **Hook (0:00-0:04):** Three men enthusiastically shout ""Shout out Gully Labs!"" with one adding ""Gully is Indian!"" and another declaring ""Gully Labs, it's amazing!""
2.  **Introduction (0:04-0:12):** A colorful shot of the shoe is presented, followed by the interviewer stating, ""Gully Labs is here at ComplexCon Hong Kong, India's very own number one sneaker brand, made by Indian artisans. Let's see what the world has to say about these. Let's go!""
3.  **Interviewee 1 (0:12-0:21):** A man praises the ""handmade craftiness"" and ""embroidery detail"" from ""Indian culture,"" calling the shoe ""dope.""
4.  **Interviewee 2 (0:21-0:23):** A young man notes, ""It's nice. It's different, I like it.""
5.  **Interviewee 3 (0:23-0:26):** An older man appreciates the ""passion"" and finds it ""very nice.""
6.  **Interviewee 4 (0:26-0:30):** Another man expresses his liking for the ""green,"" ""cocky,"" ""fade,"" and ""pink.""
7.  **Interviewee 5 (0:30-0:34):** A woman comments on the ""very fabricy feel"" and how it's ""not really plastic.""
8.  **Interviewee 6 (0:34-0:38):** A man likes the ""color combination"" of pink and light green, reiterating ""Gully is Indian.""
9.  **Interviewee 7 (0:38-0:42):** A woman points out the ""3D-ish embroidery"" part, concluding ""Gully Labs.""
10. **Interviewee 8 (0:42-0:44):** A man likes the ""colorway,"" the ""pink is pop,"" and it ""looks comfy.""
11. **Interviewee 9 (0:44-0:48):** A young man is impressed that it's ""handmade,"" noting ""nice suede"" and loving the ""toe box.""
12. **Interviewee 10 (0:48-0:54):** A woman describes the shoe as ""organic,"" ""light,"" ""unique,"" and looking ""customized.""
13. **Interviewee 11 (0:54-0:58):** A man finds it ""feels good,"" the ""sole looks awesome,"" and calls it ""a banger sneaker.""
14. **Interviewee 12 (0:58-0:59):** Another man says the ""texture is so nice.""
15. **Interviewee 13 (0:59-1:02):** The bald man returns, praising the ""good material"" and ""amazing workmanship.""
16. **Interviewee 14 (1:02-1:03):** A man likes the ""stitching on here.""
17. **Interviewee 15 (1:03-1:06):** A man thinks it ""looks so perfect"" and is ""very fusion.""
18. **Interviewee 16 (1:06-1:11):** A woman describes the pink color as ""very special"" and ""astonishing.""
19. **Interviewee 17 (1:11-1:15):** A man commends the ""good quality,"" ""different fabrics, different stitching,"" calling it ""very cool.""
20. **Interviewee 18 (1:15-1:21):** A man anticipates it'll be a ""good skate shoe"" with ""good sole"" and ""grip,"" easy to ""break in,"" and loves the ""pink.""
21. **Interviewee 19 (1:21-1:25):** A man is amazed by the ""handmade"" aspect and asks what ""Gully"" means, to which the interviewer explains, ""Gully means street in India.""
22. **Interviewee 20 (1:25-1:28):** A man likes the ""canvas"" and the ""colors like the pink and the green.""
23. **Interviewee 21 (1:28-1:30):** Two men exclaim, ""It's sick!"" and ""They're epic!""
24. **Interviewee 22 (1:30-1:33):** A man appreciates the ""good color combination,"" declaring, ""Yeah, it's fire, bro.""
25. **Interviewee 23 (1:33-1:36):** A man with braided hair says they ""look pretty nice"" and would be ""really good for skating.""
26. **Interviewee 24 (1:36-1:39):** Three men collectively say ""Shout out Gully Labs!"" and ""It's really, really amazing shoe right there.""
27. **Interviewee 25 (1:39-1:44):** A man observes it ""looks handmade,"" ""good quality,"" ""comfortable,"" and then learns the brand name ""Gully Labs.""
28. **Outro (1:44-1:49):** The video concludes by showcasing other colorways of the GL001 Baaz Nazariya sneaker and the ""Smart Kicks"" logo.","Of course. Here are 3 new, powerful video concepts for Gully Labs, adapted from the reference video and tailored for the young, urban Indian D2C market.

# CONCEPT 1
**The Karigar's Verdict**

This concept builds trust and highlights craftsmanship by seeking validation from the ultimate authority on Indian footwear: a traditional, master artisan (a *karigar* or *mochi*). The tension comes from the juxtaposition of a modern, hyped sneaker being judged by old-school, uncompromising standards. This is the ultimate ""Made in India"" quality stamp.

## HOOK
A tight, macro shot focuses on the weathered, expert hands of an old karigar running his thumb firmly over the stitching of a brand-new Gully Labs sneaker. The only sound is the subtle friction of skin against the shoe's material. On-screen text appears: **""We gave our sneaker to a 40-year veteran. He was not impressed… at first.""**

-   **What is seen in the first 2 seconds:** The powerful contrast of old, skilled hands on a new, stylish product.
-   **What is said in the first line (via text):** A provocative statement that creates immediate intrigue and a story hook.
-   **Why this hook works for Indian D2C consumers:** It taps directly into a deep-seated respect for legacy craftsmanship and authenticity. It poses a question—""Is this modern brand *actually* good enough for the old masters?""—which promises a satisfying, honest answer, cutting through typical marketing noise.

## SCRIPT
The video is shot in a gritty, authentic workshop, not a sterile studio. The aesthetic is documentary-style.

-   **(0-3s) Hook:** As described above.
-   **(4-8s) The Inspection:** The karigar, without speaking, continues his inspection. He flexes the sole, smells the material, and examines the embroidery up close with a critical eye. The camera captures these moments in detailed slow-motion. A simple, ambient sitar or tabla beat begins to play softly.
-   **(9-15s) The First Impression (subtitled):** We get a subtitled quote from him in his local dialect. ""Aaj kal ke joote… plastic jaise lagte hai."" (Today's shoes… they feel like plastic.) He looks skeptical. This builds the tension.
-   **(16-25s) The Turning Point:** He focuses on a specific detail—the unique embroidery or the quality of the suede. He nods slowly. We get another subtitled quote: ""Lekin iska kaam… saaf hai. Dhaaga mazboot hai."" (But the work on this… it's clean. The thread is strong.)
-   **(26-32s) The Final Verdict & Product Payoff:** He holds the shoe up, looks directly at the camera, and gives a simple, powerful verdict. ""Badhiya hai. Pehenne mein bhi aaram hoga."" (It's excellent. It will be comfortable to wear too.)
-   **(33-38s) Outro:** The video cuts to stylish, fast-paced shots of a young person wearing the same sneakers on city streets. The final on-screen text reads: **""Respecting the craft. Redefining the street. Gully Labs.""**

---

# CONCEPT 2
**The 12-Hour Mumbai Local Challenge**

This concept directly addresses the #1 concern of any urban Indian shoe buyer: comfort and durability in real-world conditions. It's a POV-style ""day in the life"" test, proving the shoe's performance not in a lab, but on the unforgiving streets and transport systems of a metro city like Mumbai.

## HOOK
The video opens with a rapid-fire, first-person montage of feet. The shot sequence is: stepping into a crowded train compartment, deftly avoiding a puddle on a broken pavement, and tapping impatiently while waiting for a cutting chai. The audio is a raw mix of city sounds: train announcements, horns, and chatter. On-screen text flashes: **""Can one sneaker survive 12 hours in Mumbai? We tried.""**

-   **What is seen in the first 2 seconds:** Relatable, chaotic, and dynamic scenes of urban Indian life from a foot's-eye-view.
-   **What is said in the first line (via text):** A clear, challenge-based premise that promises a definitive result.
-   **Why this hook works for Indian D2C consumers:** It's immediately recognizable and relatable. Every young Mumbaikar (or Delhiite, Bangalorean) has lived this day. The hook promises a practical, no-nonsense review of a product's core benefit: all-day comfort.

## SCRIPT
The entire video is shot from a low, POV angle, focusing on the shoes and their interaction with the environment. A timestamp appears and updates in the corner.

-   **(0-3s) Hook:** As described above.
-   **(4-10s) 9:00 AM - The Commute:** Shows the sneakers getting slightly scuffed in a crowded Virar Fast local train. On-screen text: **""9 AM: Already tested the grip.""**
-   **(11-16s) 1:00 PM - The Hustle:** POV of walking quickly through a busy area like Bandra, navigating crowds and uneven surfaces. Quick shot of the shoes under a desk at college or work. Text: **""1 PM: No pinch. Still feeling good.""**
-   **(17-23s) 6:00 PM - The Downpour:** A sudden, unexpected rain shower. The shoes get splashed. The wearer quickly finds shelter. Text: **""6 PM: Unplanned weather test. They’re holding up.""**
-   **(24-30s) 9:00 PM - The Wind Down:** The shoes are now seen at a social setting—a local café or a friend's adda. The wearer's feet are relaxed. Text: **""9 PM: From work to chilling, no shoe change needed.""**
-   **(31-35s) The Product Payoff:** The final shot is back at home. The person takes off the shoes, which are now visibly a bit dirty from the day's wear. They wiggle their toes with a sense of relief.
-   **(36-40s) Outro:** A clean, crisp studio shot of the same shoe model, looking brand new. The text reads: **""Built for the Indian street. From 9 AM to 9 PM. Gully Labs.""**

---

# CONCEPT 3
**The Style Switch: Kurta to Cargos**

This concept focuses on the shoe's stylistic versatility, a key decision factor for young Indians who blend modern and traditional elements in their wardrobe. It uses a popular, visually satisfying transition format to show how one pair of Gully Labs sneakers can anchor two completely different looks.

## HOOK
A full-body shot of a cool, young person standing in a minimal setting, wearing a stylish ethnic outfit (e.g., a modern kurta with jeans). They snap their fingers. In a blink-and-you-miss-it match-cut transition, their entire outfit changes to edgy streetwear (e.g., cargo pants and an oversized tee), but the **Gully Labs sneakers on their feet remain the same**. The on-screen text is simple and bold: **""One Shoe. Two Moods.""**

-   **What is seen in the first 2 seconds:** A visually arresting and magical ""snap"" transition that immediately demonstrates the product's core style benefit.
-   **What is said in the first line (via text):** A concise, powerful tagline that explains the video's concept instantly.
-   **Why this hook works for Indian D2C consumers:** It's trendy, visually engaging, and solves a real wardrobe problem. Young Indians need versatile pieces that work for a family function",2026-03-25,2026-04-01,D2C Shoes India,
